"inicio","fim","alvo","target","timesync","","",""
"14.312","19.275","evento nao agressivo","0","4.019","0","",""
"34.72","39.246","curva agressiva a direita","1","4.019","1","",""
"72.423","76.893","evento nao agressivo","0","4.019","2","",""
"145.282","149.333","troca de faixa agressiva a direita","3","4.019","3","",""
"169.371","174.825","aceleracao agressiva","5","4.019","4","",""
"182.194","185.201","troca de faixa agressiva a esquerda","6","4.019","5","",""
"189.081","192.762","troca de faixa agressiva a direita","3","4.019","6","",""
"206.362","209.396","evento nao agressivo","0","4.019","7","",""
"226","229.94","troca de faixa agressiva a direita","3","4.019","8","",""
"287.93","291.4","troca de faixa agressiva a esquerda","6","4.019","9","",""
"335.65","340.275","troca de faixa agressiva a esquerda","6","4.019","10","",""
"345.369","350.117","troca de faixa agressiva a direita","3","4.019","11","",""
"365.603","369.064","troca de faixa agressiva a direita","3","4.019","12","",""
"380.49","384.098","evento nao agressivo","0","4.019","13","",""
"414.831","418.604","troca de faixa agressiva a esquerda","6","4.019","14",""," "
"430.932","434.679","troca de faixa agressiva a direita","3","4.019","15","",""
"438.042","441.15","troca de faixa agressiva a esquerda","6","4.019","16","",""
"457.055","461.459","aceleracao agressiva","5","4.019","17","",""
"464.478","468.415","troca de faixa agressiva a esquerda","6","4.019","18","",""
"484.819","488.115","troca de faixa agressiva a direita","3","4.019","19","",""
"496.576","499.803","troca de faixa agressiva a esquerda","6","4.019","20","",""
"519.374","522.7","troca de faixa agressiva a direita","3","4.019","21","",""
"529.109","532.734","troca de faixa agressiva a direita","3","4.019","22","",""
"551.091","553.769","troca de faixa agressiva a direita","3","4.019","23","",""
"621.488","626.975","curva agressiva a direita","1","4.019","24","",""
"637.319","643.543","curva agressiva a direita","1","4.019","25","",""
"658.66","662.391","curva agressiva a direita","1","4.019","26","",""
"668.953","673.751","aceleracao agressiva","5","4.019","27","",""
"685.316","687.859","evento nao agressivo","0","4.019","28","",""
"725.588","730.108","curva agressiva a direita","1","4.019","29","",""
"749","752.982","curva agressiva a direita","1","4.019","30","",""
"819.828","823.781","troca de faixa agressiva a esquerda","6","4.019","31","",""
"825.283","828.948","troca de faixa agressiva a esquerda","6","4.019","32","",""
"863.591","866.944","troca de faixa agressiva a esquerda","6","4.019","33","",""
"877.037","880.252","troca de faixa agressiva a direita","3","4.019","34","",""
"891.104","893.851","troca de faixa agressiva a esquerda","6","4.019","35","",""
"911.362","915","troca de faixa agressiva a direita","3","4.019","36","",""
"922.681","925.893","troca de faixa agressiva a direita","3","4.019","37","",""
"942.94","947.18","troca de faixa agressiva a esquerda","6","4.019","38","",""
"955.079","957.868","evento nao agressivo","0","4.019","39","",""
"960","963","troca de faixa agressiva a esquerda","6","4.019","40","",""
"988.256","992.767","evento nao agressivo","0","4.019","41","",""
"1022.13","1024.798","troca de faixa agressiva a direita","3","4.019","42","",""
"1070.153","1074.131","aceleracao agressiva","5","4.019","43","",""
"1077.824","1081.241","troca de faixa agressiva a esquerda","6","4.019","44","",""
"1083.44","1086.434","troca de faixa agressiva a direita","3","4.019","45","",""
"1095.907","1099.244","troca de faixa agressiva a direita","3","4.019","46","",""
"1159.021","1163.45","aceleracao agressiva","5","4.019","47","",""
"1195.725","1203.312","evento não agressivo","0","4.019","48","",""
"1223.407","1227.261","evento não agressivo","0","4.019","49","",""
"1243.624","1246.577","troca de faixa agressiva a esquerda","6","4.019","50","",""
"1311.332","1314.695","troca de faixa agressiva a direita","3","4.019","51","",""
"1321","1325.168","troca de faixa agressiva a esquerda","6","4.019","52","",""
"1341.827","1345.37","troca de faixa agressiva a direita","3","4.019","53","",""
"1386.585","1389.62","curva agressiva a direita","1","4.019","54","",""
"1395.673","1399.352","curva agressiva a direita","1","4.019","55","",""
"1454.538","1459.5","evento não agressivo","0","4.019","56","",""
"1465.488","1470.04","aceleracao agressiva","5","4.019","57","",""
