"inicio","fim","alvo","target","timesync","","",""
"33.914","38.825","curva agressiva a direita","1","4.948","0","",""
"51.783","56.77","curva agressiva a esquerda","2","4.948","1","",""
"60.468","62.543","freada agressiva","4","4.948","2","",""
"110.052","114.088","curva agressiva a esquerda","2","4.948","3","",""
"115.013","118.762","troca de faixa agressiva a direita ","3","4.948","4","",""
"125.91","132.095","aceleracao agressiva","5","4.948","5","",""
"139.617","143.054","troca de faixa agressiva a esquerda","6","4.948","6","",""
"144.978","149.414","troca de faixa agressiva a direita ","3","4.948","7","",""
"167.859","169.75","troca de faixa agressiva a esquerda","6","4.948","8","",""
"175.218","179.792","troca de faixa agressiva a direita ","3","4.948","9","",""
"193.362","202.785","curva agressiva a esquerda","2","4.948","10","",""
"208.8","212.781","curva agressiva a esquerda","2","4.948","11","",""
"226.39","229.551","evento nao agressivo","0","4.948","12","",""
"230.75","239.899","troca de faixa agressiva a esquerda","6","4.948","13","",""
"248.657","252.369","aceleracao agressiva","5","4.948","14",""," "
"255.08","260.104","troca de faixa agressiva a direita ","3","4.948","15","",""
"271.675","275","troca de faixa agressiva a esquerda","6","4.948","16","",""
"280.684","284.571","troca de faixa agressiva a direita ","3","4.948","17","",""
"293.055","295.942","curva agressiva a direita","1","4.948","18","",""
"301.303","305.701","curva agressiva a direita","1","4.948","19","",""
"319.4","321.234","freada agressiva","4","4.948","20","",""
"328.656","336.491","aceleracao agressiva","5","4.948","21","",""
"350.924","354.498","evento nao agressivo","0","4.948","22","",""
"368.381","372.642","evento nao agressivo","0","4.948","23","",""
"431.198","436.147","curva agressiva a direita","1","4.948","24","",""
"445.393","446.731","freada agressiva","4","4.948","25","",""
"468.136","473.26","curva agressiva a direita","1","4.948","26","",""
"479.583","485.356","aceleracao agressiva","5","4.948","27","",""
"490","491.816","freada agressiva","4","4.948","28","",""
"498.414","505.05","evento não agressivo","0","4.948","29","",""
"515.8","517.795","freada agressiva","4","4.948","30","",""
"521.781","525.08","aceleracao agressiva","5","4.948","31","",""
"531","532.503","freada agressiva","4","4.948","32","",""
"554.358","559.994","aceleracao agressiva","5","4.948","33","",""
"569","570.99","freada agressiva","4","4.948","34","",""
"578.7","583.086","curva agressiva a esquerda","2","4.948","35","",""
"595.007","598.719","curva agressiva a direita","1","4.948","36","",""
"615.389","619.138","troca de faixa agressiva a direita ","3","4.948","37","",""
