"inicio","fim","alvo","target","timesync","",""
"34.657","39.616","curva agressiva a direita","1","11.123","0",""
"83.092","87.225","curva agressiva a esquerda","2","11.123","1",""
"99.449","105.01","evento nao agressivo","0","11.123","2",""
"108.936","111","freada agressiva","4","11.123","3",""
"286","288.534","freada agressiva","4","11.123","4",""
"294.095","300.311","curva agressiva a direita","1","11.123","5",""
"309.798","314.705","evento nao agressivo","0","11.123","6",""
"320.902","325.827","curva agressiva a direita","1","11.123","7"," "
"329.734","333.678","evento nao agressivo","0","11.123","8",""
"336.623","338.894","freada agressiva","4","11.123","9",""
"345.455","352.652","aceleracao agressiva","5","11.123","10",""
"362.466","368.682","aceleracao agressiva","5","11.123","11",""
"376.842","383.076","curva agressiva a esquerda","2","11.123","12",""
"401.396","406.63","curva agressiva a esquerda","2","11.123","13",""
"417.444","420.715","freada agressiva","4","11.123","14",""
"429.502","435.418","aceleracao agressiva","5","11.123","15",""
"451.448","456.355","aceleracao agressiva","5","11.123","16",""
"466.477","473.366","curva agressiva a esquerda","2","11.123","17",""
"481.507","487.432","curva agressiva a esquerda","2","11.123","18",""
"493.648","497.247","freada agressiva","4","11.123","19",""
"501.499","509.023","aceleracao agressiva","5","11.123","20",""
"513.276","515.893","freada agressiva","4","11.123","21",""
"523.417","530.942","evento nao agressivo","0","11.123","22",""
"538.447","544.027","curva agressiva a direita","1","11.123","23",""
"551.57","559.421","curva agressiva a direita","1","11.123","24",""
"565.618","574.451","evento nao agressivo","0","11.123","25",""
"580.358","583.629","freada agressiva","4","11.123","26",""
"589.172","594.079","evento nao agressivo","0","11.123","27",""
"604.201","609.154","curva agressiva a direita","1","11.123","28",""
"617.268","623.213","curva agressiva a direita","1","11.123","29",""
"630.064","632.681","freada agressiva","4","11.123","30",""
"637.242","642.822","curva agressiva a esquerda","2","11.123","31",""
"654.58","659.179","curva agressiva a esquerda","2","11.123","32",""
"673.227","678.807","curva agressiva a esquerda","2","11.123","33",""
"688.275","693.201","curva agressiva a esquerda","2","11.123","34",""
"701.725","703.342","freada agressiva","4","11.123","35",""
"707.268","715.119","aceleracao agressiva","5","11.123","36",""
"723.952","729.186","curva agressiva a direita","1","11.123","37",""
"742.58","748.16","curva agressiva a esquerda","2","11.123","38",""
"760.554","764.498","curva agressiva a direita","1","11.123","39",""
"768","771","freada agressiva","4","11.123","40",""
"796.903","804.465","evento nao agressivo","0","11.123","41",""
"816.813","821.766","curva agressiva a esquerda","2","11.123","42",""
"822.901","825.364","freada agressiva","4","11.123","43",""
"841.085","846.647","troca de faixa agressiva a esquerda","6","11.123","44"," "
"859.078","864.003","troca de faixa agressiva a direita","3","11.123","45"," "
"873.453","877.052","evento nao agressivo","0","11.123","46",""
"889.137","898.334","curva agressiva a esquerda","2","11.123","47",""
"903.531","907.802","curva agressiva a esquerda","2","11.123","48",""
"949.022","956.219","evento não agressivo","0","11.123","49",""
"982.5","987.296","troca de faixa agressiva a esquerda","6","11.123","50",""
"990.204","995.802","troca de faixa agressiva a direita","3","11.123","51",""
"1005.9","1008.5","freada agressiva","4","11.123","52",""
"1031.46","1034.731","curva agressiva a direita","1","11.123","53",""
"1102.121","1107.028","curva agressiva a esquerda","2","11.123","54",""
"1107.683","1112.281","troca de faixa agressiva a direita","3","11.123","55",""
"1124.367","1131.236","aceleracao agressiva","5","11.123","56",""
"1147.266","1151.846","troca de faixa agressiva a esquerda","6","11.123","57",""
"1153.482","1155.444","freada agressiva","4","11.123","58",""
"1220.872","1227.414","aceleracao agressiva","5","11.123","59",""
"1229.377","1233.303","troca de faixa agressiva a direita","3","11.123","60",""
"1241.808","1246.388","evento não agressivo","0","11.123","61",""
"1257.711","1259.474","freada agressiva","4","11.123","62",""
"1263.399","1271.578","curva agressiva a esquerda","2","11.123","63",""
"1276.139","1281.065","curva agressiva a esquerda","2","11.123","64",""
"1303.637","1307.89","evento não agressivo","0","11.123","65",""
"1328.499","1334.388","aceleracao agressiva","5","11.123","66",""
"1345.838","1350.436","troca de faixa agressiva a direita","3","11.123","67",""
"1416","1417.8","freada agressiva","4","11.123","68",""
"1441.67","1445.614","curva agressiva a direita","1","11.123","69",""
"1481.926","1487.161","curva agressiva a esquerda","2","11.123","70",""
"1503.844","1510.06","evento nao agressivo","0","11.123","71",""
"1516.603","1523.8","curva agressiva a esquerda","2","11.123","72",""
